Id,Total Watchlist Count
0-3-5-4,228
syntaxaero,1211
seachomps,677
immoralwacha,874
saonimorro,1981
pawberry,4705
aquamix,1133
qweave,2379
saonimorroasloosh,0
tach0012,6266
curritos,3003
wamnugget,163
chonky-shark,3368
miluoxie,1883
unixcat,2447
area-break,2382
veryfilthything,2307
alek.s,1758
kinkaxa,2738
otterpupps,865
fabiantheprotogen,483
elektr0,2636
cracker.,10656
indigo2,153
aucherr,1931
snotdrips,1062
vulpgulps,1269
eddybelly,1738
saintdraconis,8307
kuronekocoffee,3465
jouigidragon,6180
xxedge,3419
pusinie,565
cantielabs,583
crestdraggy,1390
catarsi,6206
cuchuflehest,980
palenque,1180
roppu,4345
redphlannel,1321
cchilab,1044
plushpuff,21
callmems,2512
takarachan,6279
weighty-kyte,4606
borisbearr,852
derfisch,1737
abthegreat,10147
okaeri,7090
chubby-shark,8423
wideshark,1462
darrkemperor,897
pillowopossum,485
artisipancake,12370
kelpu,4368
kkoart,3783
blueberryroti,475
doxxylbox,2083
silverfang725,4838
beverage,1040
homemosaco,2180
huhunya,629
sumisune,3821
gummyfruitcup,922
sleepyheadspoosha,211
javcavk541,1015
thatoneaceguy,3799
zaphod-,9185
cirronaja,950
"boot,possywossy",0
haloopdy,1055
decafbat,406
maxine-dragon-787,7090
ahjerchubbywolf,2963
calorie,7800
milkmeats,3027
vomits,1998
carcupholder,856
feyfoxen,880
mochi-squish,4465
pillowpatche,74
puffwuffballoon,1594
incidental,2020
shweetmagnet,775
awesomnater,1231
saintsucrose,3122
or-fi-s,5239
museuk,6632
gnarly-gnasties,2164
dondedun,1737
orcalx,1830
randomguy645,4839
inuzu,6984
xnonax,9123
slimecatt,100
heavydoodles,4045
cavios,3318
batspid2,5813
the-netwayman,3359
hosinokedama,4198
smokeydraws,491
doncogneetoe,5199
chubbypuppies,734
mexifurfoof,2780
wenisberry,4934
evkem,840
astrozone,3294
pastelgeneticist,3780
orbyssey,239
haradoshin,5442
inksplot,5747
porcine,1268
grimbler,5879
trubbol,3385
reshirii,2392
aquatin,1026
chimeracauldron,445
biowhat,934
nyuufruit,840
cynicalfluff,1102
yellowhellion,1788
mk-artichoke,1075
gil~,1032
smolsnuff,3483
saltypantz,6442
heftyhorsehostler,2572
bluebrush,14076
fattydragonite,11421
