User1,User2,Mutual Followers
evkem,milkmeats,1
evkem,smolsnuff,1
Palenque,evkem,1
evkem,snotdrips,1
evkem,scheibutts,1
evkem,softycate,1
Fluwufy,evkem,1
LongcrierCat,evkem,1
AwakeningTheChaos,evkem,1
Meloeatta,evkem,1
Venohan,evkem,1
Chimerafluff,evkem,1
evkem,sleepygirlthing,1
KittyFred,evkem,1
evkem,walkitalki,1
Plat,evkem,1
MyLegsAreOK,evkem,1
N4t4s-angel,evkem,1
evkem,monare,1
evkem,snepfeathers,1
evkem,tawnyscrawnyleo,1
evkem,hoodah,1
evkem,mexifurfoof,1
aSloosh,evkem,1
Doctor_Fox,evkem,1
Ventimaw,evkem,1
SphericalNathan,evkem,1
Silverfang725,evkem,1
evkem,omnicomm,1
Mr.Spiffy,evkem,1
evkem,wideshark,1
evkem,syc,1
Cirronaja,evkem,1
TubbyTiger,evkem,1
donutsuu,evkem,1
evkem,perthwise,1
evkem,holodrom,1
evkem,pastelGeneticist,1
Arcade~,evkem,1
Haradoshin,evkem,1
evkem,sadcrowcaws,1
SphericalMae,evkem,1
evkem,wrayet,1
evkem,midsummernightsdream,1
aflockofseagulls,evkem,1
evkem,wheredeer,1
JusteMockroach,evkem,1
evkem,home-made,1
Lesang,evkem,1
Dulynoted,evkem,1
evkem,someone175,1
evkem,supaskulled,1
evkem,lavenderstars,1
Meka1066,evkem,1
evkem,lunapseudonym,1
evkem,mk-artichoke,1
alek.s,evkem,1
WackyWalrus270,evkem,1
aki_maned_wolf,evkem,1
evkem,tailtufts,1
Tall_Lucario,evkem,1
SmallerGod,evkem,1
Aruyote,evkem,1
Porcine,evkem,1
evkem,milfmalf,1
Chickenmanchicken,evkem,1
SketchyGenet,evkem,1
embiggenedshoes,evkem,1
LugiaBerry,evkem,1
The_Squishy_God,evkem,1
Angelo-XD,evkem,1
cowdypie,evkem,1
evkem,randomguy645,1
BielBunny,evkem,1
evkem,meow77,1
BARKARR,haradoshin,1
apricotery,haradoshin,1
ACS-1.0,haradoshin,1
BlueBrush,haradoshin,1
camble,haradoshin,1
BorbPlanet,haradoshin,1
Cannoli,haradoshin,1
cutievomit,haradoshin,1
bionic_protodroid09,haradoshin,1
Chonkwig,haradoshin,1
CageOfMirrors,haradoshin,1
BBBARA,haradoshin,1
chip_chell,haradoshin,1
Broadsword,haradoshin,1
Birdo,haradoshin,1
boxmingle,haradoshin,1
aSloosh,haradoshin,1
butteredbandits,haradoshin,1
CleanPlague,haradoshin,1
brokensaur,haradoshin,1
Bazz,haradoshin,1
Awesomnater,haradoshin,1
Creme-Bean,haradoshin,1
Aluminum,haradoshin,1
Cowiie,haradoshin,1
Creeper.Spaniel,haradoshin,1
Cold_Quarantine,haradoshin,1
Cirronaja,haradoshin,1
chocolatehound,haradoshin,1
CylindricalPerv,haradoshin,1
CaptainElderly,haradoshin,1
Biker,haradoshin,1
CulexInfinity,haradoshin,1
BatBadgers,haradoshin,1
chotpot,haradoshin,1
Araidian,haradoshin,1
aflockofseagulls,haradoshin,1
Calorie,haradoshin,1
Corpulent_Corgi,haradoshin,1
berlin,haradoshin,1
Aru.Beru,haradoshin,1
bottledwater,haradoshin,1
chow-chow,haradoshin,1
catcooties,haradoshin,1
CherryVincent,haradoshin,1
Chickenmanchicken,haradoshin,1
CamuuShamuu,haradoshin,1
Cosmic~Cannibal,haradoshin,1
CALMHAW,haradoshin,1
Admonished,haradoshin,1
Catarsi,haradoshin,1
CassieKingspup,haradoshin,1
ArtyNov,haradoshin,1
260,haradoshin,1
Arkveveen,haradoshin,1
BrennanHalls,haradoshin,1
agouti-rex,haradoshin,1
BaronShoeBat,haradoshin,1
AlternateNinja,haradoshin,1
-sinnamonroll-,bobandstuff4597,1
